,Unnamed: 0,leagueId,queueType,tier,rank,summonerId,summonerName,leaguePoints,wins,losses,veteran,inactive,freshBlood,hotStreak,miniSeries,account_id
0,0,4ff90023-1174-4142-bf41-1c3f8a0e170a,RANKED_SOLO_5x5,GOLD,IV,V7U-jl3xqEh4acYbyipnr2FunpqEoqMMJQtm9Co2oJQZVn8,간바레류토상,21,144,144,False,False,False,False,,_BBRw7eqIChle7xV4HZaHSfCSDQYG_c2lk0drGGpmOQU
1,1,e9a2bc65-be6e-4b39-bd0a-bd616df44603,RANKED_SOLO_5x5,GOLD,IV,he8hsM46MUUIu_HsrFazHEXYdC9_IxrqYOeksP-B7hwVrlw,신바람난 탈 샤코,22,98,109,False,False,False,False,,3ST6N8CzFQMqAC1OZxJ7s9sp3mzchRmBtDaeA0mI62bd
2,2,0efca69e-c33e-4aad-bcaf-3129c898e5fe,RANKED_SOLO_5x5,GOLD,IV,geEnXyd5HqWU6ujU6zEIzbofIRcpjg3hd7TciSU64MZ-Obk,백종원의요리비법,68,33,33,False,False,False,False,,AszChX4G6Yy8l0WGLWoNZbuMtR6rikyNvajEP8GcsSlQ
3,3,5d7454df-6fe9-4987-9a33-0c8189edbb10,RANKED_SOLO_5x5,GOLD,IV,yW_rtcqQqVnoFmhfgoC6B-0b3PHNEXyADW31EVdBEgrjHms,asdasdqweds1,0,288,277,False,False,False,False,,iPYfFnvJvF4Ca8YJEMnxfH6FLlDwv6rLR9AJk2In4CVd
4,4,21ba4187-fdd2-4cae-865b-a5d5e3579634,RANKED_SOLO_5x5,GOLD,IV,yHYp8mZoNY8qCRiVNOadAXJOKoqHnY8s5fXnhze4X-fGyAI,마카오박씨,44,175,172,False,False,False,False,,RjZFv7QAggDmSbRbeROF0FN1uEjMy4a_gn6qOotLfTLM
5,5,819e0e7c-5605-4ee9-b6ea-625eca7492bc,RANKED_SOLO_5x5,GOLD,IV,f3-5MJe0hYuqLtL3ARLygWrgHuTHi0gK1qKo5KAMGSQxbwA,담당일진6년차,68,109,109,False,False,False,False,,ztW8cUTJ-3uoSp3kxfWX0wgh-_1C6y24v_Vn3pveGXcq
6,6,795a7991-593e-4339-87b0-757f78070893,RANKED_SOLO_5x5,GOLD,IV,pl0TO4F3DyuT8XSZijpmrxvTgCWz0yEBCm2F8lGoMKpoDrg,앵그리정원,62,56,40,False,False,False,True,,ulgre3rAVicFRhuImcrQTJ_m7SYSqBmDUpsjzQBw7UkI
7,7,b53c9007-c823-4c32-8450-114f0e3c35ce,RANKED_SOLO_5x5,GOLD,IV,kfSxkp5sOHSt8gXRNDF2LpLZhaVRKJ8JoUuG6nRJKE2U-QA,강규는엄마가없,21,174,179,False,False,False,False,,9jbB9NgdVkraosOfhfopduoYLrZdtRfkucgmrDS-uN_f
8,8,8fd519c3-dd42-4720-a961-45509efeffaf,RANKED_SOLO_5x5,GOLD,IV,XJ2dXCmHcYhvRMAXltR8jpy9Zb6M3J-XaMih4lqy_Nri3nQ,귀살대령주파이크,17,83,91,False,False,False,False,,qsz-sCUG1HwqsvfDcIJEQ1v22fh1U2sB8FGii1UJAHg4
9,9,f2d30229-d15c-40e6-8c26-9f681aff862f,RANKED_SOLO_5x5,GOLD,IV,BRiKaGTMwmThgkTFAEccmvvba7mquYCwG0nG1brh-b4xHio,NiceTalking,0,60,72,False,False,False,False,,xp0JnnZ4oK_fdhi1Ytt7_FCBoq4D94uwkgG-Miwd-C4d
10,10,83bb5ad3-3ca3-4af7-8b88-b7eca630b2c7,RANKED_SOLO_5x5,GOLD,IV,mOjl7YaGSL06EnCX5gWNHYlngRlTXJ2fKY22vxBoOIVI3wA,발바리코치,69,24,9,False,False,False,False,,h6V2tpYQTKTVrPuyqhppH4XrNpCNMgfL_HVyV3jHpGRH
11,11,d55fc615-dcb5-42a2-bff7-dcfd5daa6c26,RANKED_SOLO_5x5,GOLD,IV,MaHXg6ImvyV476fP-rriCE3ZoCXYKizp9DEvxqF2JhYOmI0,MNHJ,75,16,13,False,False,False,False,,DuPqCG6TjTL6Ron8c1oMWZlWdgRYpUZteCnSYH3AkAUo
12,12,e6b28cfa-4bca-4b9a-80ca-da2855c08b53,RANKED_SOLO_5x5,GOLD,IV,R0j7kMHTuDEaFcaQvobn_u1GhyVOR6Dz3I-gtfoIK2nNVWA,방해성님님님,75,40,51,False,False,False,False,,UA-rkzaaAFsDRTD7gZNaTKePtz1rnw7CI5ydwTqYG79L
13,13,ec3518de-cdfd-42bb-b27a-c166f964ba8f,RANKED_SOLO_5x5,GOLD,IV,10qHaFjl6UOL9Z-zIAhy6l64PMVSZUNCPBVuH6dzJgIWpmI,범바당,44,168,161,False,False,False,False,,uRwNgjH5mmGUKuhJg5ocGfaP065d_i_JKbZTegTYV1or
14,14,9f3a8a28-251d-4714-923d-01908f58aa51,RANKED_SOLO_5x5,GOLD,IV,uGlK6i3Zzeu9b8Q-AA_VznMPAnn9-lhL0dBo2LYyMsVDu3k,마늘이알싸해,22,34,26,False,False,False,False,,vCFQdNqdjiyWXUOijyBbEha10B72sWja1RyBKIZXpEcw
15,15,7b4e1b6a-8a52-4e26-babe-893e405c7a65,RANKED_SOLO_5x5,GOLD,IV,oPzm61aF_zOH-2OOsemgCJP8Xt088ATqs8KSDG1gv9V2jY4,김정한,54,10,9,False,False,False,False,,JUaw25RO8AHs9KFb30rtzXBM2RXq0nIo2gHDv5zcuG6N
16,16,aa9e28eb-05b7-441d-9514-86cc7daec8e9,RANKED_SOLO_5x5,GOLD,IV,Nhdf7G-gkAqJSSpJux25hQlxe7nYm0liER2futTLfbuJ0IA,욕나오니,20,16,17,False,False,False,False,,u65tYbWGR0wnNSk2HeslOx57QpvAwm4jotwPt2GwXNoI
17,17,4350d72f-34ff-4fb1-93b5-21c48d379cfc,RANKED_SOLO_5x5,GOLD,IV,k4Sx2oDvi6Am7AkFsTMSOksphWdU5YcPge0jzBnBiSVTU_0,Crvsis Havoc,51,56,36,False,False,True,False,,1vZq83HSkULzVo2dA4WkjsqYNbPbmfOOtDuDX-DfuoFq
18,18,ddb92579-d71e-4efe-b946-6c57fc2e8c1d,RANKED_SOLO_5x5,GOLD,IV,3y_kkq4bdeubrqORmksFrEqTekH1jM6p9Qu1E6QqUV85X-Y,진실의 마동 석,100,48,29,False,False,False,False,"{'target': 2, 'wins': 0, 'losses': 1, 'progress': 'LNN'}",rsrvGbZaoDf3x-t2UPMKYsHLW_yQTXnwSLnL4pzbh_c6
19,19,0871ccf7-fbc4-442c-b538-c9a714aa667d,RANKED_SOLO_5x5,GOLD,IV,NM0KTwEnIbQinni4Y3LQk4Oww0MSXlD2kf7zv357jsB8qo4,평가팀,46,36,53,False,False,False,False,,UjvWFfvMYrPWspHjqQD9_q48VZU5qFadEb4PxBFdBQwf
20,20,0ebdd13a-a5b5-49ec-bce5-07728ff74f18,RANKED_SOLO_5x5,GOLD,IV,OSt-iwEBa3rJDoO-afalSceqWdTGBRugTijnxUcYbxRSZWQ,GGaSi,41,6,9,False,False,False,False,,WyEbS4xHJM6sT0TC95aDIGMx5O4wjogQWWxsb6v7ufSi
21,21,a0aaae23-3fa0-4593-a78c-4f8fbbac85a8,RANKED_SOLO_5x5,GOLD,IV,-ie8mnspGmUGOT_zJJy66Vjm-nAoKm_qE8TMXAcbM3dKnHk,DRX yogiyo,30,35,43,False,False,False,False,,3rcx402cemZmz52vK6k34WVyIRoSz_r6bTQ6ETc8wprl
22,22,68f88983-e758-4479-aa6c-c0905de60663,RANKED_SOLO_5x5,GOLD,IV,l4IEbLPuWENcEWToDyUQa4Sekje6pVr19q8BLQmvOCzmLkk,탑만감쩌,91,75,67,False,False,False,False,,gp6w73aRDpwG5q4XhIlqLR8aWaXTc5v2t6qnPRXIMkX8
23,23,d7a55ac9-9ee5-4904-9177-ebc3e398badd,RANKED_SOLO_5x5,GOLD,IV,z7Pq3RQ3m4JfEHt7telf2_Hgmu18CGyGoZ7c8-N7KaElBN4,야 오새로이,73,80,107,False,False,False,False,,MNjrKDPyxb-zYnR3sb44M_OoSMavoKcDMEmozNRkqPzZ
24,24,14aeb45f-c8b0-4c1e-a5d5-b2147dbf7afa,RANKED_SOLO_5x5,GOLD,IV,nO9rYj5J18rksiJfo4pn2ohhx81trH9GxdfieRKJj6HVlrk,울팀서폿메디폼,37,81,70,False,False,False,False,,7kCre6LSrOwCHUkc9c23rh9LuRY-RHUG3uMuhmGvkOmy
25,25,d7a55ac9-9ee5-4904-9177-ebc3e398badd,RANKED_SOLO_5x5,GOLD,IV,KKYVTVp_3AdPdnROEPvysAXVanN9raUCVL-pgz_6HkJwWlo,군대간 조무현,52,78,71,False,False,False,False,,Jj4e6pFCfxilPnI2rDEM-yhcKMdgA_t0T-0HOi6kuOLM
26,26,bf19b395-0587-4167-bcfd-695f86465b0a,RANKED_SOLO_5x5,GOLD,IV,E5z6i7FTjUv8nuRBgzTM7dZCJyScZ1A5SxiB9lX6FBBXQ3A,lililililiill,0,29,24,False,False,True,False,,4aK0VZFQwbl5EagKjNytdHLPa_336nzS3IYxl3S6Uh6E
27,27,31f4c0c1-1d98-40fe-a67d-7fc1702fea01,RANKED_SOLO_5x5,GOLD,IV,tb0QHp8gkhw8mdzvj7nyuo2kKbaIoKcNZq7nJ3SEzgDrF0k,원유리원유리,49,14,18,False,False,False,False,,mVN6Yy5Fyogu2GMGBJvgPrETXVfaZFsNl9VFQQDtDuDX
28,28,4abd6599-b92d-497e-9248-f7805cabbb46,RANKED_SOLO_5x5,GOLD,IV,O9NOyGZc23BtDU58_DRyGAdFzMG4JXDuk0859QOqUVK0GUo,기느님,0,110,103,False,False,False,False,,ZayFzaxGTBiGobHvw5R3JR-S8R25ojcybpnG2pO1olwJ
29,29,201ee573-72fa-4ba1-bee9-b65cd473ce43,RANKED_SOLO_5x5,GOLD,IV,YfodULL6VWYXXFYRLwHAbU_g_9vc6fgpk2R5mMe5Wmd6pfg,본싱이,0,120,114,False,False,True,False,,fPYurySDjxwDy2cYNGMLmpB8Vqc5n7u1cN4D_SEuw7G3
30,30,07afd437-22f1-4c3a-b646-37d9d77e49f1,RANKED_SOLO_5x5,GOLD,IV,DGBWiVW8JHmKUdyaedM8XoNZNaNTK3BeNJTDYKLNpb5etPg,IIIII111,34,28,6,False,False,False,False,,6XxCGlHSRnEe2Y_42P2H09GsLkHq5hvGd1r5Pt8CKzW-
31,31,841d1434-1aff-45f4-8507-c9a7b8cd1607,RANKED_SOLO_5x5,GOLD,IV,n2-SMB4FQx_e0ccYxsMLFnaeqdGhpRtcsSNpJk6vckqpJgI,lliiilliiilllil,63,519,525,False,False,False,False,,rrORUkwLXtsHHqN_9HmtFJ1y6zbSoXztdBZG0kStROIY
32,32,d45fe09b-d182-4eb6-b217-fef3511967e1,RANKED_SOLO_5x5,GOLD,IV,40GcyhjJkrJzC9_u-INOyjONWTO1ozsnf4drzyNYHWgQYGo,너 혼자 유미랑,0,71,70,False,False,False,False,,uhJDO1V7v-oVeOKOmnnJ7wEDUKZx0FALsN_Z2SsgytNn
33,33,5873c40b-6ce8-426a-9e31-64022a2ed6a4,RANKED_SOLO_5x5,GOLD,IV,6-qW4y0UdQQX9Q774mU3HLgiBaghY_f8tmA1BfUor2EQ544,8 층,78,77,74,False,False,False,False,,b3p6DKbklQQPre5h6DLLDVgpNzPrWcLVHEamYo-TRs_q
34,34,47e4330c-b97f-40ca-9876-9e51ce6ee16b,RANKED_SOLO_5x5,GOLD,IV,ExIkhf9LLYEQ7wPmHz6_5XXfGRhFH5SulzkQTykfTaAnRVg,댕구몬,1,52,58,False,False,False,False,,LZkKJXn4GICo0x72heHDBPOoqmn1kc8lu8GEjZCmAzj8
35,35,cd5c8590-b0bb-4f27-89d2-9e3c532d32d9,RANKED_SOLO_5x5,GOLD,IV,U99-FHfRQ7S1aWf3gjUZjtGtIQnd86Hji8EuEismWK3JmS8,할릴랄릴루,22,89,86,False,False,False,False,,yLKt0pdzh5oe6pWj-QUGhch7C88uQclPYRUxOCIVFV20
36,36,055ae4bc-afb2-4d33-9e0a-a86e26b05325,RANKED_SOLO_5x5,GOLD,IV,AQyCc-uwrmHuur6iIc9-vBKSFOWoLgatERopMFtiRSjqmGQ,얌마넘,11,10,13,False,False,False,False,,n5Ighxw8JGv3R5d8u4GwivLineMwiOebsG-bEK_nUfV6
37,37,c18013d9-716b-4971-8d6a-96e04b2e7da7,RANKED_SOLO_5x5,GOLD,IV,D9Lilnvsj3ptQ0BytJFTNd8eTtVc9qZfZdqD4gLUNTcSx2E,지나가던아죠씨,39,67,67,False,False,False,False,,FvPBf5Frvs1w27oOLG0kdKJeUoQpQ70YRd1gLtc2Lip7
38,38,5b39580d-d4ed-45e8-af28-a58dbe8bae2c,RANKED_SOLO_5x5,GOLD,IV,-mSe6slRWEf0WnPf9H_VpXFXl6dwFjT3lqqLWofUeIkIOxw,카마비,17,142,167,False,False,False,False,,oVIl3I3Jv6KcMEu_VQACb-fMyhX7qc-bImZANyQCrvun
39,39,33f56ed8-101f-462b-9e3c-ab7fe29c0dfc,RANKED_SOLO_5x5,GOLD,IV,Ir39d20nPnkx8N8z_6397DWgi6qTQlKftQfVKYm0LUaKwK0,Ex승리의어머니,30,59,56,False,False,False,False,,M7NZhDpliToQBof-fTSMPYPmIm_8TFjyFiqCEcwHTT_o
40,40,57b4e4b5-3ea7-49c1-b93b-56f4f4f446be,RANKED_SOLO_5x5,GOLD,IV,g75SrJ1cXdDmzxv-zmS6OenY0uj1ifGBGyYpp9cNOrWXEuU,쭈주리는기훈이꺼,65,87,76,False,False,False,False,,DOc1ffUM-Jczo0imRcoMxf3G09nyso7OUh3cP7Xs3ub8
41,41,16bb9fb9-72cb-4ca5-a23f-3a05149d896e,RANKED_SOLO_5x5,GOLD,IV,64_J-v9zk4i6yKoir59NSMWpVIbrd7_Glo5DdUBRZn7yR1w,도 끼 맞 아 라,0,155,132,False,False,True,False,,zsb5U9YJR2tkVllXUw831jEcsVnYgNwqqHVdI8npj8VD
42,42,32380dd2-2626-4143-b5f9-dd90bf2feabd,RANKED_SOLO_5x5,GOLD,IV,-jEgj1SCKBQw6XIO7T_ZXVeaW_PiGZmW7kbUsN7ZaJ2R2As,나는한타안함,64,35,50,False,False,False,False,,TtTGRE0CCbb1IeMcitAW4YY90SS3aCFReOEw6RS1sHL7
43,43,67549cf4-3caa-462c-8674-e88460c7a3af,RANKED_SOLO_5x5,GOLD,IV,SWCQhamnpkKE4VzGYYfFmwfiYHe4rchf-oDcv1eveSp2LuI,승민짱다이스키,69,70,62,False,False,False,False,,rtC_XmnGlrr9DrqMGyuctTo7XT_SKKrnYZo1fv_1CWJ6
44,44,3d3e44aa-2b14-48be-8b14-4f66acf08e36,RANKED_SOLO_5x5,GOLD,IV,5S8DDbpmkqFv4-kPQtFdF8yKPYkKmATVQgK8kbl67LXvZ3E,패드립 킹 이기철,29,18,30,False,False,False,False,,PDhqXu8kRxunpES2oPokw-00bsWrSrGi1YXXHMBJWt5m
45,45,fcdf2550-e2e3-44eb-bf00-fd190a82e77e,RANKED_SOLO_5x5,GOLD,IV,ZlKr-HCorpaPTOkcZz4Ok30BfUC0WXyducMBUMzG2GfBrqc,Ax Roadmate,11,41,49,False,False,False,False,,CLBpU6srhzp6ozTE6TIiQorxDpmKXMCSwyY61-Xro2Kg
46,46,c2a9f52d-d21e-4aa6-97f2-1ece0e45b6c2,RANKED_SOLO_5x5,GOLD,IV,nt576YHrmaY_Q7mE9jitMHY7PVJ4J4_Pj4yQrTjHkTFkxHw,GodIike,10,27,11,False,False,False,False,,9FEDd585spN-pFjNHMc_DLnajAryzdh0FeCu_QjSvI1I
47,47,34281b71-f436-4f28-8c85-8391ccbc4905,RANKED_SOLO_5x5,GOLD,IV,syMJ47M_axgf-G-MWx_5aM7kIgD-dqmSwi7jWPmhRqwJesk,대각선의법칙ON,100,6,8,False,False,False,False,"{'target': 2, 'wins': 0, 'losses': 0, 'progress': 'NNN'}",8vY-cYgJrOdUOYWQV-z26yy5t6WnRjYkFyWt-7OeoPM1
48,48,23b4aef4-0d51-4e67-b842-1b00a8556db1,RANKED_SOLO_5x5,GOLD,IV,liZx9jmU3tHPENcPRVEy4Wbya6hugzvCR5eby-yYMmqlVnM,형라이,8,223,231,False,False,False,False,,pexAVAXurkWvq9RfhK6DeEsKpmhLnGI44e4ZfFIHJ1i1
49,49,44aabb99-5b61-4fe0-9f49-827f77793cd0,RANKED_SOLO_5x5,GOLD,IV,UsSwKSK7Hd6gCnwIa8L8POrNApEhR1k5YpAsD2Ozk6OpXEQ,메기마이콜,32,33,29,False,False,False,False,,rk4R_XZBImWNFBUcXdF-PElEBZArArNAcHoQI8CStqlE
50,50,9718fea6-a984-4d40-9fbc-89d5dbaa9753,RANKED_SOLO_5x5,GOLD,IV,LBiz5ApRsnB-Fotxcybg0zYdEa-Z0M8WedV2qKBhJZCDTHM,Bang Y,91,92,66,False,False,False,True,,uOEVkNaLvwepKvzdoS-SigCoUoGDJukGWWLGUqF2bPVS
51,51,e447cb7a-72c4-404e-9eef-1409159863e2,RANKED_SOLO_5x5,GOLD,IV,s9iyr8nVzsFScJcOXZIUL8753JEqJl0vGlUC97aGm8uP-Sg,정타페,43,10,15,False,False,False,False,,164RVobj1aCYT1dOrRSoAfmq463CZncZmn9ZYHtXj3uy
52,52,0070fd3b-b410-4721-973a-c2cacce21c2a,RANKED_SOLO_5x5,GOLD,IV,iALxQnr-_t1gUpJh-WT-gLwAA7tf9bvN6Zkl_QVc4fCD1dg,영 웅 곰,0,30,16,False,False,False,False,,2lzvL-3By3rH8TEJk4fxIK_IWxWc6C6WU4ypD6NeJWD5
53,53,7166e53d-4e82-4b04-9e0c-7b9cfc84ebf7,RANKED_SOLO_5x5,GOLD,IV,7oRInmtrZKkqX58rhHgI4PTG-kkOXdIdDDW5wIkgQYoEZ6w,쌍삭이,37,111,110,False,False,False,False,,1N51Zc9Zntqv09vh_6MbDC7rsnYCWdF9a6PqDoHgbdxq
54,54,60510741-441d-4385-9773-d7a516106758,RANKED_SOLO_5x5,GOLD,IV,NhuIBJfuUBfmPlMhvuzZTef5X4qCHeNpLZamAd5Ej1j3chQ,1김치워리어1,3,90,91,False,False,False,False,,E31oxxBOhXRDBiMzi-11viVGa5BeTVbQRabzfibBv-mR
55,55,af7d4b97-a774-41ce-8fed-c5835d436289,RANKED_SOLO_5x5,GOLD,IV,IiWS14Im3G8W7JIF2gIPyn0Kw12rEOovTqqIg6qwZX2mTBU,pretty눈,0,153,151,False,False,False,False,,dT_4E7HuHxkyI0xfYOv3dmW5B98p2GNEeeTS0L4sUnGc
56,56,765e1284-6c39-41b6-a764-efb237dc4d15,RANKED_SOLO_5x5,GOLD,IV,kYlUlZnqBLY3LJRsVaAJLJbAB2G9vsqYeLHcrpzjOA05060,D컵가슴에그랩,13,105,98,False,False,False,False,,E_y4tqW9b2J-Bi1Y8izSTNxYXRY2THe_oeqRNKRt6bY0
57,57,6392f4df-29ae-417c-899d-fba70cd94b61,RANKED_SOLO_5x5,GOLD,IV,9k5Of_3HN12rNc50OBB09x0Y5orkAS4LvK1X2B_AZHBWvHE,국왕 트런다미어,0,110,114,False,False,False,False,,MYKY9vEAFk4_qsAkGaym3c8xjMWxtcw1hXVJIB7M0Du4
58,58,bbca065f-96b9-4adf-9b42-381c4b5bd325,RANKED_SOLO_5x5,GOLD,IV,0oF201XFPbXKFsWH7QGsRBV9fldg_vMQL5NqU2t7NN8nO9s,롤잘하는정모,47,13,14,False,False,False,False,,Xp7sccG0_d647YOGxWQ1norv1BOfdXe3uQc5ml7fj1AT
59,59,6a81440d-3046-4fa3-a3e7-d649848b4de4,RANKED_SOLO_5x5,GOLD,IV,2CiFuoDtWXroVsX9l_eNlMUYodrylrfjAVajLlshLWjdXAM,애비야자지가크다,0,67,82,False,False,False,False,,A4yt_06GCwUtZWBeaDvQYNbfn93aQ9wiOQv8Rj8ByRtn
60,60,15b8b42a-aa45-463f-a6f1-c57f8820c7f1,RANKED_SOLO_5x5,GOLD,IV,0hj82gLsdHL86ozobVEeRIr3C7_F-waL02huM-aNURhAvJU,손가락하나미아,18,49,82,False,False,False,False,,F5ZBBJG2-1XpvyrJrPz28eZ1TEL0p43ua9MUItc0Lw9D
61,61,ee7ecd1f-cdce-4b37-97c7-feff9a19e129,RANKED_SOLO_5x5,GOLD,IV,qVpGYW7RFZ24h0CQxn532-bi4AmNGnP2LeyzkdvxSdNpKhM,땔깜이,16,158,175,False,False,False,False,,m31_kB_bov55kJ01WEXrMUQO0IuGvUjjxGranBAFdbfT
62,62,e3af85e3-5a3c-44e1-ae8e-cf9dee110fd0,RANKED_SOLO_5x5,GOLD,IV,07TqGDcXYuy4ER21FVeWuw6x68XytR_5symk8Qm3Uezr_Tc,Equal Society,0,9,22,False,False,False,False,,L2bt6Hv_DEC3a8AdlDd0CIc5YULDeziJycoNzYBHNjmN
63,63,631efd5e-02a4-43e6-bae6-eab1465d96c0,RANKED_SOLO_5x5,GOLD,IV,MNdBKHX14Rdy_AD382wI1MBQZ23S795QnHBoVM6pK88HNBc,제고를포기한다,48,8,10,False,False,False,False,,HnFSiC7kyEdJYC4BZ2HhIklczKTo0b0m4cP2fvrG00sL
64,64,5339cafd-d8cd-47b3-851b-74fc7241dc0d,RANKED_SOLO_5x5,GOLD,IV,H6MApgqXW6WONy5ZT0ZUXt2LV_Cx82-bQLQKyBoH3Hat4dQ,노 폐,9,6,7,False,False,False,False,,6bm5a6WrxeaunWN0_sxFvdvZvoiThOXavzr3wM97Rr_c
65,65,a9c9f015-e892-4fd5-9173-4d3f4f1d112f,RANKED_SOLO_5x5,GOLD,IV,GCEsos4Y8KiwkmotqJK-SEnydAp8zyGMOXApHgApae1YF8I,따나에옹,90,63,54,False,False,False,False,,PmjorVwQaNK4FIMGhpUJvkvSiEjaTll0ark_5qHuFV9Y
66,66,8bbcbdf9-ebf2-4448-96aa-99a6fbd751b8,RANKED_SOLO_5x5,GOLD,IV,wArpd7UK_IfBKjgtz0n7M5SgApHx5gGjpITKhDahb-oj0E8,명품 번개인,34,9,14,False,False,False,False,,2GbE3d5LdzbINWSk2xmJNdq82R3zyoiV_fz11gxTnT9M
67,67,6fa49a58-7970-4f00-9410-9b9d94e6607e,RANKED_SOLO_5x5,GOLD,IV,TPLr1eQsPTXeZcyY1v5v5HFpu9dpQ5rCSd-7VDNj5E3nKKY,하아나나아,0,2,8,False,False,False,False,,l7fFdZvrABpwA69p4cCVsKNfEgda4fF-LGbSS0BTFgVo
68,68,b9751a3b-0235-4ce7-b18f-90abe7734fdd,RANKED_SOLO_5x5,GOLD,IV,CXbpjtctAa5vhtZKu9Zb70EqlwhIjIYq3xnszLqn_6AFIFU,l Anivia l,70,4,7,False,False,False,False,,_ZR54DQEVEeS22G5VzQ0I6Xfg8SUQyyGQ9dwc-0BvqZg
69,69,ecbaf52a-2b14-4fb2-a702-28d574b6c244,RANKED_SOLO_5x5,GOLD,IV,Jj8LEpvx7WvgnC1pzgexvxOke_kkQlltfENqO0Z5VuoBfPQ,탑솔러 의식,0,82,84,False,False,False,False,,ogMVIRlG-93O6JCWUnje8_XlH9EUWxagtP2b7ZqBACP_
70,70,1a7c11d1-0646-4eba-b074-7bde3eefdf5d,RANKED_SOLO_5x5,GOLD,IV,DB21pe2X4qZOWEbjIytdfHu7XD_5R2-tZ6WkrkMIiTZF0R0,준 영,67,81,79,False,False,False,False,,bEpN8nHZKF9r8xlOgA-Q9VWQIIJwJH2UmvRUTmh9IE21
71,71,fe5b7581-77f8-470c-b2f1-8b3844679d6d,RANKED_SOLO_5x5,GOLD,IV,cHWY0d2JNqilnwPfAIs5oQhA_wvS4Sx6zGBAdtgbO8akoCs,장연지,14,159,148,False,False,False,False,,OqJY0K0Zk2wL78c85qxFosI-OQUeu9ywHVXJpAx70pgP
72,72,d4651df1-306f-4755-a0db-40318a14705f,RANKED_SOLO_5x5,GOLD,IV,aK0Q3gv9zcpRBKGrxHwvdDcrFoMc3240RBj3EmhRkSIdu9E,프로스트리트,23,19,10,False,False,False,False,,YdVaMikkBiqGEhpbyeOFhP6aO0KRG1LPoU9Syr2Lt80u
73,73,eac9a8f1-b182-4c76-887c-2e7bb27a3d16,RANKED_SOLO_5x5,GOLD,IV,eNB0dIeQAWsVdSEd_arKspLdyTpfNIASLn3rfnY-or7Dt0k,목업대통령,48,24,36,False,False,False,False,,c24mpX0bcjzyeg_dM9TIS2v82V5W7rKWlRBF0lMpx9Nj
74,74,f49bf30a-d6a2-45d6-809e-c7b574dd7890,RANKED_SOLO_5x5,GOLD,IV,sQwkHQotzzZfv4fPqiUFb9mItzE5HY-vRl51kkskJ1ADUtU,겸 연,0,29,23,False,False,False,False,,RpoA1pfmkg3bniqHB2z2FeVE3RzbEXSPlMndCioDEOlC
75,75,7daacfe0-6d1d-484c-9e4c-448d8854af4e,RANKED_SOLO_5x5,GOLD,IV,f1QIV_sKvwR2m3JMkxuO-MqleaNDkXSrqAZqkQWC_hVaFco,어린이탐정단세모,57,20,16,False,False,True,False,,p9dJHwzzpDyswXPB0ZYV8mLXpt9FSQ2mOMKKZdG-Vj67
76,76,715c44a1-6ccf-4971-83f5-c29f9ccfac6c,RANKED_SOLO_5x5,GOLD,IV,rwyGheUeQaXf3M-Js6Gepkgc3zSMNzCRM1sAAh1YJFCq5Yw,페페 두두,0,70,46,False,False,False,False,,1dHjKs2wqFiAzQwPLCLPWKoKAzDSB5GI8hzAfIrauuU7
77,77,9cfc47d7-6a22-4aa6-9203-409a603f1779,RANKED_SOLO_5x5,GOLD,IV,j6OyzOiPIWvYuZc9UcwEggCr-PmyFKqvhhAIliXuOuwe-9I,애쉬마려워,25,47,22,False,False,False,False,,-V6xMMFaAe_ZTdiKgOzf4ZfWhPPDC5_8inIEvE--fBB_
78,78,3d8f4cb8-fe82-4174-9f5c-4fd43a1820dc,RANKED_SOLO_5x5,GOLD,IV,5kDMwtJxwup1Yrv0Eg3toOHOJClQ-nXnjnRcfSsTB3dmohc,김다훈걸레,19,12,8,False,False,False,False,,BTZD6GisyoikBzQ3-DewLL8T6HTjsQBK6g8CRAxL1fHp
79,79,457e6e00-8242-44d5-ba33-f54cfd5a4da7,RANKED_SOLO_5x5,GOLD,IV,_yjhvJvRAXvY9JIAoQpfm3ZtegNgOwHNxAhje1-wJkfh3oY,엥간치하자,75,68,92,False,False,False,False,,eeweHlz02JtC_Uo9FL7oLUeCASMGp-jG_VX25bl1lnKG
80,80,d60a9ddd-60c5-4d4c-8ea9-2873169e600b,RANKED_SOLO_5x5,GOLD,IV,6gGVpaw-WL8rn4L6qy9nHjYIG17am5YdVwcExhq9bTZtCUQ,님들 멘탈잡아여,0,16,22,False,False,False,False,,0EcZDv4JKMVNxVHvG9bn94T1h3g5ccbM_W30UNDBpadw
81,81,4e8e439c-5f57-4ddd-8ede-2506657ad262,RANKED_SOLO_5x5,GOLD,IV,QlgG7y482MB0amLBpZ5Bx0JiBDdH3zgxNR6iOP4Ai6lFoH4,노련한장수,32,193,193,False,False,False,False,,8qKEGJquy_RORx9Qy1-tR2NDk2sAjKmsoss5IXz8vf1m
82,82,ca8bc86d-6a90-4a1c-af6d-b9015521b627,RANKED_SOLO_5x5,GOLD,IV,WJNSOTmz7QlVkC0nfqYiyTxHwBUC2E5Tc7E1-muYWIKKpFw,네하느,55,123,130,False,False,False,False,,A0h4mbOgTI-6H17W0s-Cg3POMMsnMcxAEDN4cCgKr0BL
83,83,5b005202-e6c7-4b0d-b2c5-d5f18879abfa,RANKED_SOLO_5x5,GOLD,IV,-2wk_nrEXHGEYttdFKDVTukgcKDs4cBhkyOPczuJ6RnBJyQ,럭키한고릴라,0,54,72,False,False,False,False,,bdb1Kj4KRVlLYRd8PGkTFeNFXB8hNB7mAjoQTJezUzcw
84,84,c5d1e2b4-9448-4f06-876c-b68256b32197,RANKED_SOLO_5x5,GOLD,IV,q-jO-9r6zGlra4-sVdViMSbSkpyT7Iz_NDp05nmTYKicaNc,SKT T1 Atlas,90,54,47,False,False,False,False,,dwltvq64CCjAp2axDzo4Hh1ziWGstg4MKQtKWoQDP7Mg
85,85,ab1d008b-a6b3-444f-932d-b3dd3799ab46,RANKED_SOLO_5x5,GOLD,IV,HYuPbkJbQbANo4ZU57LdniJc7mLv3WU-PoZFhd67PcUHQzQ,소주 나라,18,136,138,False,False,False,False,,CLxJvHnSuPTR8ANK4jhW8QmCmwUB6IUKmbVLwayMuhiv
86,86,3f5481bd-f995-481e-a360-ae42cfefec1d,RANKED_SOLO_5x5,GOLD,IV,4vfJmRM3zP19kg6YOUJ69ZxJg-ZLfMu4Yt0NIqrFjAm6JBo,짱짱이었다,80,20,37,False,False,False,True,,YJQEPv4HxyzXYVfhFsZfoT-ho-Cpxw9WSENJRgEup0Ll
87,87,ebc49a68-7b31-4aa8-b77a-275d876393dc,RANKED_SOLO_5x5,GOLD,IV,WbgkKm3Z7ks_YTMp1BfPjYgSmOQqWPkzq3vFMUBhAKePTik,마커스 래시포드,44,5,12,False,False,False,False,,KQv5sOhJEAw_ttoeX2AZfO_ysc1lgtTY6Qddl5Kh66di
88,88,3019accb-190f-4529-858f-47b731316f15,RANKED_SOLO_5x5,GOLD,IV,Go7Vp77h1HgVHx2H40ByYZCeZ9a_WpS5ldT5CS18EUdqjA4,경고야경고,0,9,11,False,False,False,False,,J_2WL5pggl97VVFKFiWwDXjryDaPi6XzFJuDn2jADOXA
89,89,f2e57d84-cf3b-47b9-8b5c-ea293ea1117e,RANKED_SOLO_5x5,GOLD,IV,8wCScoJH-hSvaVhwmemj9F9T6B6DxhkyNMpzSpPuYEb7UNc,T1 연습생 엄준식,77,63,74,False,False,False,True,,PGamE0eMcotTrWElpkCJWG5x4O8OpTrFmPsCf4HJUGp4
90,90,b4794518-14ba-481f-b86e-c254347a59e3,RANKED_SOLO_5x5,GOLD,IV,Nd-oNC3RfusCKMvXhIqAF-XAjpC-seCNADP-OzRSgG8cnVI,소주샤워,100,50,41,False,False,False,False,"{'target': 2, 'wins': 1, 'losses': 0, 'progress': 'WNN'}",aCOEPXxDttKPx_OLSMA3ixqyU1HXmmAuC5cFSKH_gzFW
91,91,aef32c8d-61b5-4f58-b74e-8029ab096e7a,RANKED_SOLO_5x5,GOLD,IV,fP74KwYgl51RC4MiprVsThK9I9D3nQdUzI6mkPjyfDBJfk4,도헌공주님,58,85,97,False,False,False,True,,OAYQbs-AZlSqDz7hd62vjIUhAZB01PGaPLpaG4PlojBn
92,92,16da7b6b-fdee-46f8-b5d4-a0d7aa50e77c,RANKED_SOLO_5x5,GOLD,IV,TIylDYXVdZ1pBYsdjaRlRE8S_Ttxz9O_qUPLMtQ73dblXVI,공가네,89,263,249,False,False,False,True,,sGX8LUNEc9_eTc6xh1F4DQ02hEyJbSrVSOBknvQNFeU6
93,93,7daeadf1-ed53-422b-8947-3ce0c9c44a8c,RANKED_SOLO_5x5,GOLD,IV,-pOnCsZKWfffIkMr6DIuzz6McF4vIeHfQq4MP444BZqxbOY,롤팀운개같누,1,37,38,False,False,False,False,,
94,94,8e6ddb21-60f6-44c9-9939-e85ce266f803,RANKED_SOLO_5x5,GOLD,IV,csOWp627B2VTY_FB-UAzWlnieypUcvHADO7SC48mnxmeOo8,최강준용,0,88,80,False,False,False,False,,1uCPNPCzB2EfvVT5IGG0-qi8kco2iEVbBYvjPt60pNHz
95,95,1a965a80-3f6a-42ca-b8f3-4c484e1493d4,RANKED_SOLO_5x5,GOLD,IV,i2gOPPxsoG6hmMs64LkYu2KKO42LDKWOqaris1YWf5Y0GDo,HHHHHHHHHHHIHHHH,29,46,63,False,False,False,False,,JRgKnEu9Ce01ibSqQkzxk15zwaqSr8N-YchttNTxyiz9
96,96,91ddf884-8ed9-40a8-98a4-6b391fb70d4a,RANKED_SOLO_5x5,GOLD,IV,13i7ll-RGigqsllbKrVmp74HcqRIo_2a4ci3HE1EfTaTYNE,맘카페 사무국장,0,152,147,False,False,False,False,,5PuCAWon0_XWCj16AmU-71eVxQOG9oU1AckEKJm42ha2
97,97,41b43c76-d343-45c9-a996-bb679665beac,RANKED_SOLO_5x5,GOLD,IV,xuCpRAjHTd-eSvCu_g6N_K4dyGas23JaPoYR7BaAHjFBIvo,송리 단길 ,39,45,41,False,False,False,False,,Lh0jhC50hxM24DOexwtBhdg4ZfEELkmJai82we0dZP5E
98,98,180e7d9f-0893-4899-8571-c3283adfd819,RANKED_SOLO_5x5,GOLD,IV,xIQ28QqLXSX_Pxu4Fwi2GmsRDTYYeH0vjBXlARR7uY5_0wo,겹둥이곰,17,67,66,False,False,False,False,,Xg0AD7O1YdBALX0fwOw6Hj__T-vzIcU-hP1H1ZqFeBPF
99,99,77850841-c851-41b8-ae83-3c2ecc9f8507,RANKED_SOLO_5x5,GOLD,IV,4Bfz8NlqScNquPclniWi2Rf2GrP1OEnT0J3_S4WMC4OXhWo,상섹시킹,75,209,213,False,False,False,False,,-mT0ZQxhjlfm1S6aaUcBLImJUXs_LdAK5UfxNa9YpmPo
100,100,dee13ffa-a597-4a70-bb8c-93a0208f8944,RANKED_SOLO_5x5,GOLD,IV,xtF0yDMFifn9i05niN0jNUamKBoe4q4dlEnILKO5TzuoC2k,레 펠,43,28,41,False,False,False,False,,VE-E4OYgPTTXKm5Dx8GnTsf5RwvHKWkaIhsnR1-2Rq3f
101,101,f8fc6d6c-54d4-4196-93f0-04d6eb82ca48,RANKED_SOLO_5x5,GOLD,IV,9OZ-1INzOcwecZ581grCfoQ6AnLOWnU-bRYVdcKheQBM-cA,나는 벌레 그자체,32,236,213,True,False,False,False,,v3m-DyJiGKATEEc0TiUv9XoF1MCKjjBM35RhEDq6_o8s
102,102,97cac3aa-3b0a-440f-84a1-b8384abea48c,RANKED_SOLO_5x5,GOLD,IV,M7AENBo8m_6nJ3x9zUljsBvjV4TBgkurI8iKp4khq7XMyOw,민재는귀염둥이,29,48,58,False,False,False,False,,eSHPvtrBJOd7HyDPalq5tZVNReR9qeGtjE5BvRuM7mL5
103,103,64594b9c-2fda-446e-b2e3-a2db782a83fc,RANKED_SOLO_5x5,GOLD,IV,9ga7_5g73GsGu_h0UnemG1tyz2x8X3U3WWAUz_dEpcty6TI,SM원딜연습생,7,37,22,False,False,False,True,,r5sSbtQJOZJXRxc6eD_yuAMdXKtwwYHexBZOBaPTYev9
104,104,beedffec-5838-45fb-92a3-98612a45a041,RANKED_SOLO_5x5,GOLD,IV,COvLNoBX18LyPR4WljHkKSgRr1VpfctGoASCXk27zc-mdXc,리그진냥,55,34,26,False,False,False,False,,ERma1m30qN0Bh3dxTf-8fAy-1Gbp_HGDyFofgFCrj6WW
105,105,75748a15-d325-42b4-9ba0-ee25e4289492,RANKED_SOLO_5x5,GOLD,IV,ynM50j3BFCy0HqNA7zV8bVQhvzh57-kmGnjabgccsucp920,안산김병호,66,123,121,False,False,False,False,,rPzRaVD6751dDyJ313L6EalVkuQR9FN-rkkb02vpRFLY
106,106,a8c0dbdb-8dfa-45d3-b730-2ffd3ce6033e,RANKED_SOLO_5x5,GOLD,IV,4wcxwy25ZroND0EPac-SJukGhLFitfEsimeXZh1bG7bZzLY,지건 텟카이a,14,284,274,False,False,False,False,,JX7W3VGD0iyg4D5QCq2tKHSch5Yc2jVUvJVTBF_x2efF
107,107,ae78892a-088c-4833-a975-3f18347ee8b9,RANKED_SOLO_5x5,GOLD,IV,lrryRPZzk57ECeYKJ1xsQZPf40RGrPK3kEzRl3901TDJXBQ,190709군입대,93,14,14,False,False,False,False,,hi0Nn8ggKdhS4tye0aFNew1_0HjVR6YYzq-lVVmp0eRO
108,108,de8bcfd7-440d-4cc7-92a7-db2583d34ecb,RANKED_SOLO_5x5,GOLD,IV,gekXesdP_TEEJErtzwYR3cEG4SxsRC1uG6Ma2b9pMDwuFV4,구월동 크림우동,23,97,88,False,False,False,False,,Rj5L82p-X5OcnnBeOf7wHisWkggP_NjZRZ_NJJX3rE09
109,109,140d2b67-8c06-491d-8a9e-0651fff432b4,RANKED_SOLO_5x5,GOLD,IV,XSG7JtyQdqOqCCA5-UkhQjsaAaOOeEW2Dp8ilDWPLUWKm0M,Rest hood,75,132,126,False,False,False,False,,TF30O_hORyYaG0Vbfy6jg0-yXcvcLPScMGZOIqlpsChJ
110,110,a792edd5-5aec-4d80-8233-c0c50d59fcc6,RANKED_SOLO_5x5,GOLD,IV,Y4EqktNMzDSu5LNkRupphiJhDJN6C9ID36Mk2nfdcGcFHHk,윤곽이,24,41,40,False,False,False,False,,iRTQQs5XOFdpDSto6ch8VhTy2k1B52wCfS3FhmusHwCo
111,111,d6392e46-4052-4fec-a3eb-5489522f36b4,RANKED_SOLO_5x5,GOLD,IV,1yyuzhrw4gGcQRIYaQQwoICcekDpDsxaX3cig2_qBi--0so,돌아온TOP50,42,33,46,False,False,False,False,,6YJLn8IytuTHGbCu5WglCa6sHUDdwnt_vTEX4-8O5PG9
112,112,3716b939-9c59-4d6b-8b06-c1a3fe79803a,RANKED_SOLO_5x5,GOLD,IV,5VTQF-hjBc3gzNnHM4luY9omZGyJFBEW84BS0saCPmD2S_w,도널드덕 배,0,15,7,False,False,False,True,,iMuOYjTeHiJr-HRzWwygme6qAmrI_7IGsmlBwHl8DPeD
113,113,d9efaa18-6730-43e8-9b5a-138ec14d5cfe,RANKED_SOLO_5x5,GOLD,IV,HNMjyNz8jrSbDU7DvISOmvS1VwC7i9eY3CU9rzazdxN5DH0,SoRaKa MT,33,135,134,False,False,False,False,,LO-n0QIgf_8DgcmK8jwqGs9fRvHcX5YLxYMzvxxGUgDa
114,114,e4c3b9c9-19a2-4753-84c0-5d345dd7c527,RANKED_SOLO_5x5,GOLD,IV,XDuAugMvXmKr0Wdpn_A2msD0t2em5n-B7Qou06VJL03JfQ0,펑이다,51,86,81,False,False,False,False,,H8qd1ue6JJvBoKSyreJfYxLg5bDk96SsZeI42jO6nHTb
115,115,9958bca6-e3df-494d-899c-119362eec13d,RANKED_SOLO_5x5,GOLD,IV,TgBEtgj_fiJSfzjnjBJEFTSOTAUNzSth5DEeFapB8Y9WvgY,59쌀끠자,18,86,91,False,False,True,False,,TKlr-ua4_FZiezU8IWM0e9x7QYPcuofO-90VAv4sCu54
116,116,0efca69e-c33e-4aad-bcaf-3129c898e5fe,RANKED_SOLO_5x5,GOLD,IV,Tj4Q9ZaWvorjE6EbKYCyRpo4XrayBrprSPxbMYvSY1DFpaQ,호성창,85,4,7,False,False,False,False,,EBASlBWnjnIo2wHKQDb5SSLH-aKygI4WXhlPgadNx3sS
117,117,4909e0e1-2e60-4080-a8aa-fcfda26be17c,RANKED_SOLO_5x5,GOLD,IV,23WZ-STi-RGVFMvdE7EMqEdr8SPLtEpNDJH1UBYDRys6EZg,달 례,100,26,20,False,False,False,False,"{'target': 2, 'wins': 0, 'losses': 1, 'progress': 'LNN'}",rHCofP0fOzc9KWqb4xOuiyUmErflgIh1XfMTeDjQezTz
118,118,b0d08043-cce1-45cc-9e64-4e8de12465e5,RANKED_SOLO_5x5,GOLD,IV,W8Dv3XQR41GcSdgDhVUcMu61pk4WODMRVRxu3WFWEN_jolg,개봉동불주먹,48,73,86,False,False,False,False,,4cjivBGaul0HvX5QwSpKy8Ih1dNOADOAjj-oQ9Ho-fQq
119,119,5e816f7f-8bf8-483e-998c-2512c2e7257f,RANKED_SOLO_5x5,GOLD,IV,knlovYV_cVsjr-EbFzwdKt7kVqWE4eVgpb02u_Sl78ZEJmQ,병법연구사,100,231,226,False,False,False,True,"{'target': 2, 'wins': 1, 'losses': 0, 'progress': 'WNN'}",YYBLz5cAtbIl7Hnc2Z0LMRRoH6vl8xXBun_8sO5wAo_k
120,120,051f87f3-41d6-42ea-97aa-85dba099c078,RANKED_SOLO_5x5,GOLD,IV,O7CFsCSkrqP9HvXXJ3ruy3w5bQAN2lCTx4oZ_cI6S3U4TRw,교육청,0,53,69,False,False,False,False,,Wiw5NOb3cmSEHkH2bOEdnf0gQf399Dn5G-7mf3Brt8-E
121,121,4a7e76b7-a3ee-4212-91bd-afe840273842,RANKED_SOLO_5x5,GOLD,IV,xVTAlZpNw56clgraxWIWZq3BpJdeClFr5vVDJlQYSVVXSm0,4H4ppy,0,189,192,False,False,False,False,,REzB4y-dy5gUIMIQq4XtPZPijcUrbGghEz_JMsQtMCoL
122,122,a43b67ee-0c10-4377-a8e6-ffb15184697f,RANKED_SOLO_5x5,GOLD,IV,p9_0bvI6OcyAz1niwqLjjRNUa4bdvTevk752UovLcKvYu_g,보금쟁이,75,253,253,False,False,False,False,,CPwbbAWxxBQHjKHSR3Si8zaBD9pQkE-b3PVTxftf4JM4
123,123,a9589c32-6c2b-492c-bea7-a00687b98380,RANKED_SOLO_5x5,GOLD,IV,DMGY8Bu_4ilRDAajPhRyi_2_jBBbT-24576PewJKmQPBuPY,인수초동근슛,35,265,270,False,False,False,False,,XAIlYZ2A-yCdumlurYous-9knATGZjvZFmddfIMN5P82
124,124,506b6564-98f7-4a18-b088-b3c315d9b711,RANKED_SOLO_5x5,GOLD,IV,ZvbqNwSPFc8Ft-1-0WRiwzNlS8yryEo5-DGWezcQ3VaVmZQ,아다떼줄사람,0,191,191,False,False,False,False,,ydw7GKWIxSJY04XYmHhMX4INX4WVenc1PCKCKl3XZw2u
125,125,521156d4-039b-499c-ace0-8c89c704f698,RANKED_SOLO_5x5,GOLD,IV,PgQtPe5ODtFhtuEzks_wC36QAdTdTbvOMJr49z_t9tKPOe4,삐리카포포랄라,0,105,116,False,False,False,False,,F7Ft2R_HdpM6itqHPJjplyq5FH6MtB2eRsStvqJWDr3M
126,126,74719730-9790-443c-8f05-35445ec8fdcf,RANKED_SOLO_5x5,GOLD,IV,uvw9L1tnkrOtZXhAiDqv2a3Yu_C9b87Izb76HxtfOTgpwIU,마니마니히마니,93,48,29,False,False,False,False,,I4krkqBQWZxz6BIE5eAanKmV0oobf-ZQD0SJl9V_nwwu
127,127,7413bbf5-6380-499d-99f9-39e68777a8be,RANKED_SOLO_5x5,GOLD,IV,RCreXh20lwSFWYnG4jFtLSlRxgznX9eRLTqIZS3hiJa0iKQ,탄지롱,15,143,143,False,False,False,False,,gNkmefzv9qU9oewzv6qg7J7oQwMgeM9DwHcGHLuHQFlX
128,128,393fd88c-ad2d-4e7b-883f-e695b88ad91b,RANKED_SOLO_5x5,GOLD,IV,n3LyghcVfslZQCH1r6MaGWlWBCeZnqIqnmqaIvYiGNtPJoo,갈길왜감,80,124,108,False,False,False,True,,pv-37dmhm1ETwg-lYqHjHugnHBpo1waoKhHziIQ3hO4k
129,129,f9bfd5f9-15b1-445d-80ae-12334be43564,RANKED_SOLO_5x5,GOLD,IV,VYCK2wkxBICJkh9Ss-FGcixukaAFTvvhEYJxRzg3RpU8HoQ,정굴킹,65,9,16,False,False,False,False,,6Dn3bB5SQAF7WL51iRBIrhX5pZ9jfTcUqhdOtxhuP8uR
130,130,2d93146b-b90e-46e0-b4ab-1b80c886e4d3,RANKED_SOLO_5x5,GOLD,IV,L7j48hCgt27tFcdrGjeHUUQZRen-eFskLqB_LcyObO3Uwgg,서렌좀해주세요,90,18,21,False,False,True,False,,U0vuEFaO_mxmWT664bGCRI4m32dtiijKA2oVhN_XAYH6
131,131,8137dfa6-2012-41bd-b8b5-54eb2613469f,RANKED_SOLO_5x5,GOLD,IV,M7adfpPi6fiI2L3y02OUVA_duPT9QsqzLFrWW4rjC0iPiBs,휴학 장인,4,87,73,False,False,False,False,,3-GjsIm3te57qW8Wv3QiDsGSHzVMOcnFWwdnnH6YYORn
132,132,0617dde7-3617-40d4-b4ea-219c933b3181,RANKED_SOLO_5x5,GOLD,IV,50jvzgrdy28WNmVkkIK6vYy8OarHvpZJs9NgBGG4rvrdgso,leading cheat,75,371,389,False,False,False,False,,7jcwkAvAZTgXwyp8sP7Ib_QBi_Y5O1kHGcKy9ywb-xuX
133,133,c2a9f52d-d21e-4aa6-97f2-1ece0e45b6c2,RANKED_SOLO_5x5,GOLD,IV,CAFS187RZsApX6IP-_QAop5azG670RabpYMu39vh0nkCY08,Heal링,100,31,44,False,False,True,True,"{'target': 2, 'wins': 1, 'losses': 0, 'progress': 'WNN'}",NeJl2sLZFeQVSAeOOicWxKbXlnvbY_SfUF-HSTZQavkg
134,134,9ee2f3e1-615b-431f-8a09-acf14cbc20f6,RANKED_SOLO_5x5,GOLD,IV,BsHBPTPphGCyiOCNLaILKySYVojqWiSPxvSVlc96R2QNwWQ,왁싱젤,0,114,133,False,False,False,False,,udP--zvKUl8DWHRU0ZhSyUNn8vTb9FGOuNuhVnZfzg0p
135,135,5fe8722a-ca1c-4cfe-b553-063a691cb1a7,RANKED_SOLO_5x5,GOLD,IV,CX00gxMBw4WOlmdOo_KA5D6SxLad8JC8fqxPW9HQ8-AvSfs,나라사랑순신오빠,16,83,87,False,False,False,False,,YtRfz1WB_iuTYhfcGh0AS_L3suxMnUYa_hmfglDf0Odt
136,136,cd5c8590-b0bb-4f27-89d2-9e3c532d32d9,RANKED_SOLO_5x5,GOLD,IV,wf07LzRBXPBMi6dEZwK-dOOJITPMyoRdKUDhx3gSpfUSUlw,압비전뒤점멸,79,454,464,False,False,False,False,,orl2kmjb8LLJbcITIwxJo33NpgXE4htmKunpOcXQQwIK
137,137,2326f1e9-d0f5-47c2-af15-0f67bf39eb52,RANKED_SOLO_5x5,GOLD,IV,s3azjjRYkLTHGrFbprIgbEhnLP1cU4P8GOv7qnHBdGZV6KU,김대연보다못함,25,259,259,False,False,False,False,,3Xn7AmRUvmxTcXTM0o51YKITD5HHc45SoJdhGEkliLxi
138,138,7ef93c81-c452-40ce-97e0-8027ccfff234,RANKED_SOLO_5x5,GOLD,IV,-imyXQR7R361WPF2xbJ62ENEvIGdyxpw_6aSET1Yf11zw0A,칟옹이,0,57,43,False,False,False,True,,Rjo0bD67DyA54FI4J63gR10Onca1_arckdfPRNPbgj91
139,139,6d3f0ff7-a235-496a-a174-7e4c2fd27463,RANKED_SOLO_5x5,GOLD,IV,q6fFdfV_qd2i2pzoC1Ac9gKhOT8VDbvkfE6iWU3khlIhTm8,자 중,71,7,6,False,False,False,False,,V2NN40y55T0f9ZRQqtRilU0gJwzLcsLW92G9Hw-B-nzs
140,140,0258f424-bc6d-47d5-b79c-769e8677c292,RANKED_SOLO_5x5,GOLD,IV,jYZBhtylnC8EguROWbiQZe9yolgKBSTyzUbJRDjJQu1v-j8,안명빈,14,116,115,True,False,False,False,,0oXx9uMMLoi3hfM3JJ85TCMRSo_Q-VcsoZU2LLMLknDT
141,141,fd7dd8e4-bd96-4978-97e9-c5448bdc47fc,RANKED_SOLO_5x5,GOLD,IV,pmDE8aFZS4A09zK_Y8ovdl4_egb2LSNTPmX7DyZvcnMGfW4,솔랭1,46,32,34,False,False,False,False,,bVb2-4R4scETyarakIaudiEivoKk2QoSIwAvOMICAFzD
142,142,8a8514d7-a8f8-4053-b684-fdfeb942cd04,RANKED_SOLO_5x5,GOLD,IV,kgOPodPCXo--p7Hw2IXLBaZ0pfH3Na7_Ix7mMtLwtknOCoQ,간호요정,22,16,20,False,False,True,False,,vAkUfWVvXmH1_SG-kujRK9RPIPwf9wsE8Ik_Dwi8QRrm
143,143,c5ac4c5a-14b8-4e16-b33d-cce7a24511bb,RANKED_SOLO_5x5,GOLD,IV,ixHsXHvY4VOg6k3zVOXhUZXTPxqTsBqXNE-sO82mMuksjtw,클럽가는 목사님,60,151,145,False,False,False,False,,Ni2BhNe9CJOGS8FyLSr7cfjbhClfri3WBWN4j_12zHAz
144,144,062775a0-8f5d-4c07-a958-077b61e2fbd5,RANKED_SOLO_5x5,GOLD,IV,BGq2034kXGhs9juuSvuJuVLoxdybNNNSa4FyhDWc4woJqec,20년4월7일입대,22,11,23,False,False,False,False,,Xd1Z2ZLVBGSLsvuuREOjY0ODWzNZocdRSe6Abp9KkdP7
145,145,311033e8-4c69-4f9d-87e9-42b41e67d104,RANKED_SOLO_5x5,GOLD,IV,IVywwMFXMVUgxMdknyychUgmX6gDid0KV6J8qoGqPj-GZIM,국민건강원딜보험,0,35,30,False,False,False,False,,AAJ5AcUUlikc3R38ETtZkP48Val5c8Dx35iYz7NdF_mF
146,146,2a1bde24-ff54-4673-aa6e-1fc8fbde4f6d,RANKED_SOLO_5x5,GOLD,IV,I-tVA4a2KFsluP96APQnp2vBbj09lrdmfjEo7AIAxtgF66g,망고룽,0,79,84,False,False,False,False,,RMZnDG-zDxfqFl2yavlzBuL5nSisElgqaCCrs0NzbnuT
147,147,159985d9-ad4a-401b-aedd-544c452f8a83,RANKED_SOLO_5x5,GOLD,IV,2GeZsAR7CuHPDwCcZLrsQI5y001PHMctUREbwZy9ohUvLLk,DRX Hyosex,0,57,60,False,False,False,False,,SsWU7oy26qcEcU9PLNJc_3p8m4QEYOTJQYrzBDxTFKaE
148,148,96eaee92-69b8-4ca1-aae5-1eb5f7659bdf,RANKED_SOLO_5x5,GOLD,IV,KkW5w8Oqwmn20qJdgqdfOPU8ub_Xz7WtZzOouHzjMR9UUeE,매탄동이시용,14,351,359,False,False,True,False,,T91wzrjOFkBgQ2VYL1lvwV21UcXbjz3DqFYYQwxcGvfe
149,149,2883688c-6b3b-4afc-a908-5e2200739d3c,RANKED_SOLO_5x5,GOLD,IV,bCFLQS0vgR6bXXkmvg7Fa5bI2-g8hbilV_kEuufcrTrBl2k,문과귤쟁이,32,5,5,False,False,False,False,,c7zUPxS5DcW_Saq4pxf3klmVGfJE9B5AgJsKZufZUHon
150,150,e0e13736-c2a1-4c70-8684-324ed4c2fff6,RANKED_SOLO_5x5,GOLD,IV,o6pQpexwIeoLYSu6YeCB5GmEIX5UK7BhB8eaa4zvQoYHvWs,이 뇨 킹,19,47,55,False,False,False,False,,WGJgVT5Dx-OUJaXY9Ze072EVp97kNd62YZWiqzJXk7xN
151,151,508d8b7c-6948-4d21-990b-06ee8b2dc450,RANKED_SOLO_5x5,GOLD,IV,K0B7E1rp-DBvbBS5BL_SlX_wG2ODKXnx0BiqTk80RRflGMM,존잘러김현준,20,50,48,False,False,False,False,,88vzdg47OqAO_kTfuHHW2f2REk7Et7ZLH4eyQtvn_Akf
152,152,b9fd8163-54f6-4b98-8ca0-58666fd20ef8,RANKED_SOLO_5x5,GOLD,IV,Wfik6BF2MntaoEV7Co5Ite8SPOJPEsbxpXG4a5gQIB7-uEI,전설의합,0,12,12,False,False,False,False,,JVoF-UI4KFMv7D3UKyP9fkMN6nL_6DGKjnFEiCRIdmX2
153,153,2212a457-619c-4cb8-b221-fc8c04574baa,RANKED_SOLO_5x5,GOLD,IV,rSunUO2EKAaZp7yJ5tba5LnWTez3rhK0OIIoc10_InyiQjU,홀딱 포츈,0,109,111,False,False,False,False,,okLYURMAFa3xOp32PrPZb6NjPiyyKRa0-agYhLdE4bCa
154,154,bb321907-fddb-4d6c-ba3f-2ed3ccfbc1a9,RANKED_SOLO_5x5,GOLD,IV,Ey7zn1wrxn0MhojNJbE9FbofHdfUIXr34TcEKcdSKqhmEc0,전역직전왼무갓,36,21,24,False,False,False,False,,uoAd2qWJYSlOS7pEd4dylJENbKEvU_l3L4qy2OrqN8Kw
155,155,9f903210-6009-4b29-ac2a-b7a977c5c4ef,RANKED_SOLO_5x5,GOLD,IV,s-BHmOk3c9ALV4r_nBt3A86BaY6gdShjhJ-HoBwjode97z8,진호진호진호진호,3,87,82,False,False,False,False,,PzltOJZAzCTIJ1YoNOux0TX1VBYJ2SXPfhU9HjO4awlG
156,156,9e29a192-6c12-4dba-a617-bde03b98f9d3,RANKED_SOLO_5x5,GOLD,IV,mBL1Kh9ci-8H91hLROx8yJGgzgypJ-BjseqnYF3SPHXoZxU,MyMYi,45,75,75,False,False,False,False,,E1Q4THnLaNmkFoKAgcOrgd-H_RxCGhxeGMEW2qvrx-Jc
157,157,8d71d3c4-2c93-4a41-852a-aebd6ca4b47e,RANKED_SOLO_5x5,GOLD,IV,J3AVR8etFYdnduMzDWo_jBKOeshMq29kFMqGPKDYz_IjdRs,브라이트파이팅,15,101,122,False,False,False,False,,REurpBbzeerGoIO4mYFk6FjC0JAvWjtW_07ZBolCMsSc
158,158,911b7507-8ad8-40e4-90b3-b363e3d04ed0,RANKED_SOLO_5x5,GOLD,IV,z_Q6o4d8KLPkyZ_J6CIwJLmUk78gexaMbLgvYk0ZdZyPK8g,토레타장마시슴,0,15,21,False,False,False,False,,q7fBg5VvkXRUl9Oy_5KvgMCgbyqUpn6PcMxuqYfjcn4Q
159,159,d7610294-d587-49ef-979f-b06a15abb138,RANKED_SOLO_5x5,GOLD,IV,1NdiPq6o6xcNBdzI5H9C94jlaeM_sMHGUlsZwCxj3yiMP40,되머리,67,58,63,True,False,False,False,,a2oPTd5fiDuaUT6Dp6A7RIl-0eRMx2tORkkqwquGmYLW
160,160,075e85f4-e13f-4f9e-8c82-a54ffeb821ae,RANKED_SOLO_5x5,GOLD,IV,xJ4SNc-M_8wihmMnkjvdIfynF57OxnDGNb5cVMQJumRRav0,World number one,100,40,20,False,False,False,False,"{'target': 2, 'wins': 0, 'losses': 1, 'progress': 'LNN'}",tuX3ClrUAQPi1ZIGn2gSK7ZzEZZ3ZWF5tXzuqnQ-PTe8
161,161,8746ee4f-a5be-4945-a4ba-69dc2e4622b0,RANKED_SOLO_5x5,GOLD,IV,h7yAH1u6o2CZ91FI6aeWPPte2uMp9nmj25fchl4lcyckWp0,Lamel,17,53,61,False,False,False,False,,Rv5t4eUEavoCy1-JZMLDqt1bsyzdDxYlDUsEubal6cje
162,162,f45d3986-7bbd-4b6f-a1ce-2c2c7ecf2f23,RANKED_SOLO_5x5,GOLD,IV,6Tfy2BXf3ysJJr0fJdkTsEDy09VsoOq50i3ToOEzFJUplc8,크렙스,0,22,12,False,False,False,True,,3mmFeNnuEJcy7dfczRE0WXXJsmIuDNF6jek8ZoqVdYXH
163,163,855cdd58-ccff-4308-96c6-f4066315fc08,RANKED_SOLO_5x5,GOLD,IV,MhEUkmp_1Fv8_dfZZXJzMcTUTM2-xqmOA3ND2kQVMNlZF7Q,에붸붸붸붸베,0,64,94,True,False,False,False,,Kv7p1SxkG0A-f-EtFGyUgoR2i6XMkj5ll574pgrwoz_F
164,164,66b310b8-e172-48e9-9535-2a7a233b534e,RANKED_SOLO_5x5,GOLD,IV,diZe1zUbW_otSkpoh-WCF3d8HlTytC0IxA0qIfVkRUSh3W0,핑크 와드 스킨,0,84,80,False,False,False,False,,th9nIQ9t3zrkWMT_ML9KrwZrdAY-XPTC3BBt39AZ43R2
165,165,abe607cb-252f-44cc-8de0-3387a3edc31b,RANKED_SOLO_5x5,GOLD,IV,vmnsPgBq8BozNibTBnzIXTwiZFHTmHtyZ1D8uiHCuYetSkU,luckky,100,38,43,False,False,False,False,"{'target': 2, 'wins': 0, 'losses': 1, 'progress': 'LNN'}",SeXyoa9zeIesS6DyBrSASyZ-OIay4Gs6loNulJWVShL0
166,166,b2babd7d-3e86-454b-b7ce-97aca7663434,RANKED_SOLO_5x5,GOLD,IV,GwH7kBtNRaNNV84X5AoVKQhr62SjW_R7V-f7iTdBCmFyYGk,갈비탕이먹고싶다,24,8,9,False,False,False,False,,vHo5IkEH6ELHf-Kg3P50rYSOq-Pz7jNXYbjE9sxMF-5H
167,167,3b00c462-90fd-4082-b9eb-ef6a784060b6,RANKED_SOLO_5x5,GOLD,IV,pWkO43ZG7fMOJTkn18VwdsLumZJjYU3ZhPymEZvT8_EMmZA,츄르케,43,137,99,False,False,False,False,,Oc_FxbUQnI-J-ywpRpDoZehh8emf-dbjjnhkodDOzfTi
168,168,30491e1f-1eef-47a3-8421-0aee82dc3640,RANKED_SOLO_5x5,GOLD,IV,MdD34mcbrLKjBF1FwNRf92U9vRnwdKwRysje5bH_7r4r2e8,싱거워,37,79,67,False,False,True,False,,zB2qXXypaoRcxp9h-fC6_q8xrMW7o0OWee78q6S2YSC8
169,169,20d1e90d-b771-4dc0-b647-5077f8f885fc,RANKED_SOLO_5x5,GOLD,IV,JVOkS4r_jF-yeOe0sx3LEo0uOf-CPTMS-kFQ1vZT99wuBVk,서폿은뭐다,0,53,73,False,False,False,False,,2m6tE9Zkh8_HtkNEaIYolPs0cfqpSrzTsnZKrWUXQ2F7
170,170,2fb1a193-b30d-4454-8e94-7ae66ac9b490,RANKED_SOLO_5x5,GOLD,IV,6QLhFs262R4wk6vRovZuSn_mBnyKLMEBtzf3YRbfiZpM9OU,heysis,51,16,13,False,False,False,False,,RmJvQN25Lja_0UjFyCqR4N4YD0juVXBU7QM3IA_y85_w
171,171,a59892e4-d118-4ef5-8382-d2a0a6da06cb,RANKED_SOLO_5x5,GOLD,IV,_THJH5mtyaPa8FutYdlKj8ymXmR-dNcd71v3FDCutiBngIc,시우가낳은괴물,0,82,119,False,False,False,False,,gibUtqS2JcECZUL3riJdz9JyTfrOoxkP3Ph6nhJLuobT
172,172,23d4d1c3-cdca-40e0-928c-391058b3b185,RANKED_SOLO_5x5,GOLD,IV,r9x2VUre2BaprKEkQN4gncEQ-yzYhTTUdCzxIt11tpUcAJ0,DIA채원이,0,33,15,False,False,False,False,,2dnEF17vMGBGYvN4jsMh2KVJ6c7ITAsk4RMZIEW0RxO_
173,173,22c96b16-a0f7-45fa-a016-ec2c11755488,RANKED_SOLO_5x5,GOLD,IV,yEhmXbC9DDBYOb19s3-Le8pKJAQWTi_eyYO2R5xQnueFTTs,원딜을보면짖는개,20,60,83,False,False,False,False,,VsKF72MfRr0a4wqLT4cZw6MXHHIdojL5dt9SZgoGMg6K
174,174,215683d0-b79b-4938-9ca4-6140bd4217f7,RANKED_SOLO_5x5,GOLD,IV,T7-krJqZxDrQT4ycy63BBxIWBPeM5f1WQKFYH92-dCgWP1o,맹순이남친맹박이,53,27,13,False,False,False,False,,fUPwE8ksy6H3ZcQseTdG9B6J1B7PrVxpV0N95maoZTM5
175,175,c3ad1965-a18f-4152-9012-b6c80df126f3,RANKED_SOLO_5x5,GOLD,IV,nATUhr-41pGxVFiaAWEIuXBEsBm3UK0EeTUeEJslClO6meQ,이재현짱,0,141,146,False,False,False,False,,-iChcy4dSRLtQz4EoTq-c0_HiNbDIGZ9bjxeiR7E_ERS
176,176,e3af85e3-5a3c-44e1-ae8e-cf9dee110fd0,RANKED_SOLO_5x5,GOLD,IV,WDyUJTBrelMGYCtfeG1FrEzxxQnewvTxrAjizp6JxUJ6cp0,준 썩,41,81,73,False,False,False,True,,bZO6MpYHj4BdU-lRXukiFClA_02kI21kMVLN98C3-oPm
177,177,5215fb58-462e-4881-8e8e-9f11fb0dd883,RANKED_SOLO_5x5,GOLD,IV,g50UU2DvAOfoXzZGO4cVseWRhswgao1Lxvp6SeqHAD9bJCo,히키장,33,45,37,False,False,False,False,,f7iCPmQMYb0SxJiCprLoqzchnG-7AmjbFd2Y6joS__I0
178,178,90b77c59-b1aa-4355-9cc3-83c16923cd01,RANKED_SOLO_5x5,GOLD,IV,rgmjvoP_YOFNqmnSEJnLfxFU4rRf1do_da7yYYzGx-Fwwp4,재밌는거 하자,26,14,19,False,False,False,True,,yLNg4W0Uvd_CtOYlbQrUVyrSWYs4oc4uEUiQoI5RT6Ij
179,179,5e06ff88-b1ab-4d23-b5c6-458c41998de0,RANKED_SOLO_5x5,GOLD,IV,u2pqhZRd7AQcmTRtiEw0kbr2PmfljpXhUbFlFPexxkzPExw,만취한아찌,42,38,24,False,False,False,False,,MqqGBN9Il2U9YM1RwN2pIRA855W_hbILiysL1h9AX766
180,180,3ec32745-7a27-44fc-91af-06de5b74b2db,RANKED_SOLO_5x5,GOLD,IV,XdiNH3V_qH-NGIxHvIvD8Otr8HdNLtUokeGPrZBqPeMCi9k,말잘들으면이겨줌,21,101,58,False,False,True,False,,d7j4BySRl_GFZiTR7BUtB0Q4NGcdtBFMj30uYm7M-2RW
181,181,dee13ffa-a597-4a70-bb8c-93a0208f8944,RANKED_SOLO_5x5,GOLD,IV,2GgaJVk8oOMh7e6yySees96e0ZUlUPcKppmx1L0b19SnuGw,취한거같엉,30,124,121,False,False,True,False,,1TwuYNG_AOC8tyZ3xaYCiBmn5Om4VIrE94BM7bEgg8CN
182,182,ac1efd82-f910-49e9-b87a-b91fcf149a95,RANKED_SOLO_5x5,GOLD,IV,YDyRrMKzPy1qN8DtXJM7tfgarD5uWZisXZCdblY2he8MJmU,열혈강팬,47,138,134,False,False,False,False,,bYoqLXbYcW1uhOTiSmFUIPb8os66O5lxn4Cv9aqGR2vb
183,183,0321825d-7762-4de6-b834-e289eb4f0299,RANKED_SOLO_5x5,GOLD,IV,d6PEzZCC0slP_hrX9Ot2Gpkg662o3hPWpiUwWUUAmYPhHmI,문고등어,40,41,40,False,False,False,False,,rQU-E-WmGs2P-wHA3311gg3VwExD8rOk2fLfSXj3Ub1R
184,184,d5972873-4e04-409a-aa95-cda935709c13,RANKED_SOLO_5x5,GOLD,IV,9SAVNBObW1mMpGtb7as32UJ7UsivOIfOIChfxIrQtFIbyf0,체 리 톡,21,72,88,True,False,False,False,,dC2p6N5KwFEQprzln5T96K7WAPXnVF0_qba9LLGXBmva
185,185,c711e746-206a-4059-a679-f3e283d4b57e,RANKED_SOLO_5x5,GOLD,IV,5XYzoggFQk6xjD7AF4S5Z0StD0NRbIL2hCHbNmtZgmnqdsA,6lack,28,159,179,False,False,False,False,,jlBlmyI-zF-ar4LeDpB7cMo9tFJVDwB6JOaRgfSHjFaO
186,186,3ccc2c97-6b0b-4634-87ee-e5765e420261,RANKED_SOLO_5x5,GOLD,IV,k4Pq4QZejfHx0kxRFHPjMCrz7x-s3EkB4Ca9FB-0cCOOuxM,Stone Ball,80,13,13,False,False,False,False,,hf-OveNRHGG__5x_1Zy2GcQKclsKX-nYQlBkHYe4VSxz
187,187,57398377-52ad-4481-9066-11704d651bbe,RANKED_SOLO_5x5,GOLD,IV,_5upyatmdia9mn6YwbMwDVJRVnJIhsa-MwzT82ryvHpg0v8,ISAEMGIRLI,0,23,25,False,False,False,False,,HK2wXQgb3vB7h18N_oqU8L7L6zJV0AoSD-7vP458tgTE
188,188,b45b9fb1-1aed-4583-aa0c-b01b5aa1173e,RANKED_SOLO_5x5,GOLD,IV,Z-2nZXVPKKark4MIjRnYJ4oNk-S3TeOeJGw3A_iZJBG6Ls4,블 크 마 스 터,64,67,36,False,False,False,False,,xVIu05Yjp3SfaiMbLiFwvVVtJBFQjGWCc04giccu7I-w
189,189,e260105e-027f-4c00-80ac-b75d9a8af793,RANKED_SOLO_5x5,GOLD,IV,yFTUDFW_4nfBxcDBaD0lNd7ZtCbdLonHBR_8PDSLjZ1WlVo,바닐라마닐라,23,30,36,False,False,False,False,,IzIy9tmn3eV6nMcToJGGc7eLj5T5nRDXGREa6uKvd9CH
190,190,40e01a45-2923-43a3-afb0-613ae925dc1f,RANKED_SOLO_5x5,GOLD,IV,jqAD5K2Po5RfcNCv1ioGMDkooW7NT8ZACZj_-DaPcSpKepI,잘큰미드,41,59,48,False,False,False,False,,WZ0ekQDJsrRRom7VtW7Ju0VJYc9-1PE14Bwfg-MuYBbu
191,191,911b7507-8ad8-40e4-90b3-b363e3d04ed0,RANKED_SOLO_5x5,GOLD,IV,4FfZGBN_2ImsO-iR8aCQHzKsCUWhoPyHGZNIS373TFo5DhM,케인 여친,8,29,19,False,False,False,False,,O8SjFW2QxrkV3LbLihh690VlTCILCbeBwWfwRoxvvVQG
192,192,18fb3dff-f207-4db2-b02a-5bbe66b79dfb,RANKED_SOLO_5x5,GOLD,IV,s5hrV7L5VS13ZpphyDJPFhdl7ioYIlnE5se9MpAwNbuvRWA,딜러요,0,26,13,False,False,False,False,,oJOTNc5cj_W3gYTWLWgTJFAaNZvq9Hc54ShnyPnxxi0U
193,193,8e30e28b-a9ec-402c-94e7-23ebdee05ec7,RANKED_SOLO_5x5,GOLD,IV,JN3-vTwgRvhk54-7kIsu_I-DR-m_R2JRHepdrDAVpsb5gGE,류하이,0,45,72,False,False,False,False,,1rmCDlG9VsK5_klSgNI-yovribMWg0w9C-iJrivWPkG-
194,194,c276b35a-bda4-4f13-96da-02cb871f637e,RANKED_SOLO_5x5,GOLD,IV,prGMOBl5RfPGHm7WDnm5zsiXM5E5dJkn3wb6jnJf7bVUA00,두근두근 임충현,17,31,46,False,False,False,False,,SensTcmhnCrZ3XZjnJzcRQWGOxQhPlG6REVKvKpbZwvz
195,195,139e7069-c040-4b90-925e-745fbe1573b7,RANKED_SOLO_5x5,GOLD,IV,qRi6W8KBE9YQpeReYxn5U53gjlxY8Mh8hx16lrgH2M-F-Xc,동제능패,19,76,65,False,False,False,False,,V5svNQA55p9Kuy10Vo2h0nXvUdgvsdAR88qjHkq5KNhC
196,196,da40a9de-f6ca-43f0-bf57-94a232ca8f8c,RANKED_SOLO_5x5,GOLD,IV,u9PMOgHHXnfK8XzF57AsB_GWkkR2qsWyOJOdTAdHkG5D_zw,SheepSaKii,0,30,34,False,False,False,False,,jX1G5iBY9Evzp18sfK3mlPZCXJKlmeMkAnAjSZ0gn3Q3
197,197,9ab24d75-0b4a-45bb-afb1-5a401b595f19,RANKED_SOLO_5x5,GOLD,IV,ASYQoZ8uvtkwM5vdRpAuKBwmEh0DhTQ6zeIu8xcZSOYQnv8,짐승의공격,75,144,136,False,False,False,False,,sgPG8v2EewYFA6M3FkkcDCqkm4iyy_S1ApFBUJhg4HSv
198,198,4e8e439c-5f57-4ddd-8ede-2506657ad262,RANKED_SOLO_5x5,GOLD,IV,Vx2eAlY60rpJ9ZZHmRGKC2-Vt31K8tyDj_vXt-_Q2ewOW_A,01029522433,40,29,23,False,False,False,False,,fKTbmFHmvHEubpVpYt71IbfaY9LIoUiWqUhCDxeafLE0
199,199,17f9c56c-bf9f-4ea9-831b-d00a8bb769bb,RANKED_SOLO_5x5,GOLD,IV,LxdNBre8jnOGl0MHE_GzRHiNc7Fk072RM-AYTnx3blLVghA,차병엽,0,127,99,False,False,False,False,,TZdpFdyztXjhs1McZgbB-e-k80BtCN5u7EI9NeBOb3hE
200,200,51c5a87b-baf4-4128-98d4-0c824acd4085,RANKED_SOLO_5x5,GOLD,IV,DcT046WWf3NsT3AzUhpFU6OcUwn2Irrcy_dGCq5u9toVuAc,남덕배,95,110,125,False,False,False,False,,IkFUTfOp08uFxbCLEftbQgqutKRvlRKCG6CwE2GsagxQ
201,201,09bc61bc-503a-4d91-b504-b7cb7dc030f9,RANKED_SOLO_5x5,GOLD,IV,HTSqie0RP_0N8vPjgFn6Q9_UCoswO2u9OZoc8ssaTIbxuXA,대한민국외계인,49,164,158,False,False,False,False,,VvnVOk7sI9bKh6QIkQ9BjqAPiNaAXNeSUukV7kCnrTsK
202,202,774a8011-654d-41a0-b146-9143a7969274,RANKED_SOLO_5x5,GOLD,IV,-gvf05mdcU2YZ2RpXaEnH7bPzydSSDaDi1G-wPkKzfwGXCo,레할마두리드,0,13,21,False,False,False,False,,IuwTNUw8H9WXvL3qRO6sMOJJ0lTO4YS1cE0QYdoBf_R5
203,203,7f93935c-7ab1-4aed-9522-eed98c73cb4b,RANKED_SOLO_5x5,GOLD,IV,38wr2ngOEfrbuowF3Z3Wj6nf6JHAWcJCa5ha0Bq8KE9sSGU,리룡청,0,25,30,False,False,False,False,,QckSQSRPoAZd2dI8-tRwWLd1GuOXjPi_jehfY4pFsbUc
204,204,fbbaa222-bac4-4491-9f9c-c3dbb4a18179,RANKED_SOLO_5x5,GOLD,IV,9s9wg-kuoGp0gkTLIjry3QftU54WZ3UnYxQpchpl0ljBWDI,심기건듬던짐,29,289,309,False,False,False,False,,exs-KPxVarXUB6TJ0Pkm9G7XzzCnxjUf6QhG-Ysf7B1E
